id;question;ground_truth;source_book;answer;contexts_count;faithfulness;answer_relevancy;context_precision;context_recall;answer_response_time_seconds;answer_input_tokens;answer_output_tokens;answer_total_tokens
Q001;What does 'programming logic' mean in simple words?;It is the correct use of the laws of thought and organized reasoning processes applied to creating computer programs, with the goal of producing valid and coherent solutions that properly solve the proposed problems.;Lógica de programação (André Luiz Villar Forbellone) [Programming Logic];"## O que é ""Lógica de Programação"" em palavras simples?

A **lógica de programação** é, em essência, a capacidade de organizar o pensamento de forma coerente e racional para instruir um computador a resolver um problema passo a passo.

Em termos mais simples, podemos entender assim:

1. **Lógica no dia a dia:** O uso corriqueiro da palavra ""lógica"" está normalmente relacionado à **coerência** e à **racionalidade**. Lógica não é algo exclusivo da matemática — ela está presente no nosso cotidiano, em decisões e raciocínios do dia a dia.

2. **Lógica de programação:** É a **ponte entre a lógica do pensamento humano e os algoritmos** que o computador executa. Ou seja, é o processo de estruturar um raciocínio lógico para que uma máquina possa entendê-lo e executá-lo.

3. **A diferença entre programar e apenas dar ordens:**
   - Na **programação imperativa/funcional** (procedural), o programador diz **exatamente como** o computador deve fazer cada passo da computação. O computador é tratado como um dispositivo que obedece ordens detalhadas.
   - Na **programação lógica** (linguagens declarativas, como Prolog), o programador **não descreve como** o resultado será computado, mas sim **a forma do resultado desejado**. O programa é uma coleção de **fatos e regras**, e você faz **perguntas** ao sistema, que tenta respondê-las consultando esses fatos e regras.

### Resumindo em uma frase:
> **Lógica de programação é a arte de pensar de forma organizada e estruturada para criar instruções que um computador possa seguir e resolver problemas.**

É como escrever uma receita: você precisa dizer os ingredientes (dados) e os passos (instruções) na ordem certa para que o ""cozinheiro"" (o computador) consiga preparar o prato (o resultado) corretamente. 🍳";5;0.8235294117647058;0.7156239461467657;0.19999999998;1.0;7.743806;2127;533;2660
